{
	"parent": "item/handheld",
	"textures": {
		"layer0": "item/stone_sword"
	},
	"overrides": [
		{ "predicate": {"damaged": 0, "damage": 0}, "model": "item/other/stoned_sword"},
		{ "predicate": {"damaged": 0, "damage": 0.007633587786259542}, "model": "item/weapons/cocopops"},
		{ "predicate": {"damaged": 0, "damage": 0.015267175572519083}, "model": "item/weapons/cocopops_blue"},
		{ "predicate": {"damaged": 0, "damage": 0.022900763358778626}, "model": "item/weapons/cocopops_pink"},
		{ "predicate": {"damaged": 0, "damage": 0.030534351145038167}, "model": "item/weapons/cocopops_red"},
		{ "predicate": {"damaged": 0, "damage": 0.03816793893129771}, "model": "item/weapons/flashbang"},
		{ "predicate": {"damaged": 0, "damage": 0.04580152671755725}, "model": "item/weapons/flashbang_blue"},
		{ "predicate": {"damaged": 0, "damage": 0.05343511450381679}, "model": "item/weapons/flashbang_pink"},
		{ "predicate": {"damaged": 0, "damage": 0.061068702290076333}, "model": "item/weapons/flashbang_red"},
		{ "predicate": {"damaged": 0, "damage": 0.06870229007633588}, "model": "item/weapons/grenade"},
		{ "predicate": {"damaged": 0, "damage": 0.07633587786259542}, "model": "item/weapons/grenade_blue"},
		{ "predicate": {"damaged": 0, "damage": 0.08396946564885496}, "model": "item/weapons/grenade_pink"},
		{ "predicate": {"damaged": 0, "damage": 0.0916030534351145}, "model": "item/weapons/grenade_red"},
		{ "predicate": {"damaged": 0, "damage": 0.09923664122137404}, "model": "item/weapons/putty"},
		{ "predicate": {"damaged": 0, "damage": 0.10687022900763359}, "model": "item/weapons/putty_blue"},
		{ "predicate": {"damaged": 0, "damage": 0.11450381679389313}, "model": "item/weapons/putty_pink"},
		{ "predicate": {"damaged": 0, "damage": 0.12213740458015267}, "model": "item/weapons/putty_red"},
		{ "predicate": {"damaged": 0, "damage": 0.1297709923664122}, "model": "item/weapons/monkey_bomb"},
		{ "predicate": {"damaged": 0, "damage": 0.13740458015267176}, "model": "item/weapons/monkey_bomb_blue"},
		{ "predicate": {"damaged": 0, "damage": 0.1450381679389313}, "model": "item/weapons/monkey_bomb_pink"},
		{ "predicate": {"damaged": 0, "damage": 0.15267175572519084}, "model": "item/weapons/monkey_bomb_red"},
		{ "predicate": {"damaged": 0, "damage": 0.16030534351145037}, "model": "item/other/green_x"},
		{ "predicate": {"damaged": 0, "damage": 0.16793893129770993}, "model": "item/other/red_x"},
		{ "predicate": {"damaged": 0, "damage": 0.17557251908396945}, "model": "item/stone_sword22"},
		{ "predicate": {"damaged": 0, "damage": 0.183206106870229}, "model": "item/stone_sword23"},
		{ "predicate": {"damaged": 0, "damage": 0.19083969465648853}, "model": "item/stone_sword24"},
		{ "predicate": {"damaged": 0, "damage": 0.1984732824427481}, "model": "item/stone_sword25"},
		{ "predicate": {"damaged": 0, "damage": 0.20610687022900762}, "model": "item/stone_sword26"},
		{ "predicate": {"damaged": 0, "damage": 0.21374045801526717}, "model": "item/stone_sword27"},
		{ "predicate": {"damaged": 0, "damage": 0.2213740458015267}, "model": "item/stone_sword28"},
		{ "predicate": {"damaged": 0, "damage": 0.22900763358778625}, "model": "item/stone_sword29"},
		{ "predicate": {"damaged": 0, "damage": 0.23664122137404578}, "model": "item/stone_sword30"},
		{ "predicate": {"damaged": 0, "damage": 0.24427480916030533}, "model": "item/stone_sword31"},
		{ "predicate": {"damaged": 0, "damage": 0.25190839694656486}, "model": "item/stone_sword32"},
		{ "predicate": {"damaged": 0, "damage": 0.2595419847328244}, "model": "item/stone_sword33"},
		{ "predicate": {"damaged": 0, "damage": 0.26717557251908397}, "model": "item/stone_sword34"},
		{ "predicate": {"damaged": 0, "damage": 0.2748091603053435}, "model": "item/stone_sword35"},
		{ "predicate": {"damaged": 0, "damage": 0.282442748091603}, "model": "item/stone_sword36"},
		{ "predicate": {"damaged": 0, "damage": 0.2900763358778626}, "model": "item/stone_sword37"},
		{ "predicate": {"damaged": 0, "damage": 0.29770992366412213}, "model": "item/stone_sword38"},
		{ "predicate": {"damaged": 0, "damage": 0.3053435114503817}, "model": "item/stone_sword39"},
		{ "predicate": {"damaged": 0, "damage": 0.3129770992366412}, "model": "item/stone_sword40"},
		{ "predicate": {"damaged": 0, "damage": 0.32061068702290074}, "model": "item/stone_sword41"},
		{ "predicate": {"damaged": 0, "damage": 0.3282442748091603}, "model": "item/stone_sword42"},
		{ "predicate": {"damaged": 0, "damage": 0.33587786259541985}, "model": "item/stone_sword43"},
		{ "predicate": {"damaged": 0, "damage": 0.34351145038167935}, "model": "item/stone_sword44"},
		{ "predicate": {"damaged": 0, "damage": 0.3511450381679389}, "model": "item/stone_sword45"},
		{ "predicate": {"damaged": 0, "damage": 0.35877862595419846}, "model": "item/stone_sword46"},
		{ "predicate": {"damaged": 0, "damage": 0.366412213740458}, "model": "item/stone_sword47"},
		{ "predicate": {"damaged": 0, "damage": 0.37404580152671757}, "model": "item/stone_sword48"},
		{ "predicate": {"damaged": 0, "damage": 0.38167938931297707}, "model": "item/stone_sword49"},
		{ "predicate": {"damaged": 0, "damage": 0.3893129770992366}, "model": "item/stone_sword50"},
		{ "predicate": {"damaged": 0, "damage": 0.3969465648854962}, "model": "item/stone_sword51"},
		{ "predicate": {"damaged": 0, "damage": 0.40458015267175573}, "model": "item/stone_sword52"},
		{ "predicate": {"damaged": 0, "damage": 0.41221374045801523}, "model": "item/stone_sword53"},
		{ "predicate": {"damaged": 0, "damage": 0.4198473282442748}, "model": "item/stone_sword54"},
		{ "predicate": {"damaged": 0, "damage": 0.42748091603053434}, "model": "item/stone_sword55"},
		{ "predicate": {"damaged": 0, "damage": 0.4351145038167939}, "model": "item/stone_sword56"},
		{ "predicate": {"damaged": 0, "damage": 0.4427480916030534}, "model": "item/stone_sword57"},
		{ "predicate": {"damaged": 0, "damage": 0.45038167938931295}, "model": "item/stone_sword58"},
		{ "predicate": {"damaged": 0, "damage": 0.4580152671755725}, "model": "item/stone_sword59"},
		{ "predicate": {"damaged": 0, "damage": 0.46564885496183206}, "model": "item/stone_sword60"},
		{ "predicate": {"damaged": 0, "damage": 0.47328244274809156}, "model": "item/stone_sword61"},
		{ "predicate": {"damaged": 0, "damage": 0.4809160305343511}, "model": "item/stone_sword62"},
		{ "predicate": {"damaged": 0, "damage": 0.48854961832061067}, "model": "item/stone_sword63"},
		{ "predicate": {"damaged": 0, "damage": 0.4961832061068702}, "model": "item/stone_sword64"},
		{ "predicate": {"damaged": 0, "damage": 0.5038167938931297}, "model": "item/stone_sword65"},
		{ "predicate": {"damaged": 0, "damage": 0.5114503816793893}, "model": "item/stone_sword66"},
		{ "predicate": {"damaged": 0, "damage": 0.5190839694656488}, "model": "item/stone_sword67"},
		{ "predicate": {"damaged": 0, "damage": 0.5267175572519084}, "model": "item/stone_sword68"},
		{ "predicate": {"damaged": 0, "damage": 0.5343511450381679}, "model": "item/stone_sword69"},
		{ "predicate": {"damaged": 0, "damage": 0.5419847328244275}, "model": "item/stone_sword70"},
		{ "predicate": {"damaged": 0, "damage": 0.549618320610687}, "model": "item/stone_sword71"},
		{ "predicate": {"damaged": 0, "damage": 0.5572519083969465}, "model": "item/stone_sword72"},
		{ "predicate": {"damaged": 0, "damage": 0.564885496183206}, "model": "item/stone_sword73"},
		{ "predicate": {"damaged": 0, "damage": 0.5725190839694656}, "model": "item/stone_sword74"},
		{ "predicate": {"damaged": 0, "damage": 0.5801526717557252}, "model": "item/stone_sword75"},
		{ "predicate": {"damaged": 0, "damage": 0.5877862595419847}, "model": "item/stone_sword76"},
		{ "predicate": {"damaged": 0, "damage": 0.5954198473282443}, "model": "item/stone_sword77"},
		{ "predicate": {"damaged": 0, "damage": 0.6030534351145038}, "model": "item/stone_sword78"},
		{ "predicate": {"damaged": 0, "damage": 0.6106870229007634}, "model": "item/stone_sword79"},
		{ "predicate": {"damaged": 0, "damage": 0.6183206106870229}, "model": "item/stone_sword80"},
		{ "predicate": {"damaged": 0, "damage": 0.6259541984732824}, "model": "item/stone_sword81"},
		{ "predicate": {"damaged": 0, "damage": 0.6335877862595419}, "model": "item/stone_sword82"},
		{ "predicate": {"damaged": 0, "damage": 0.6412213740458015}, "model": "item/stone_sword83"},
		{ "predicate": {"damaged": 0, "damage": 0.648854961832061}, "model": "item/stone_sword84"},
		{ "predicate": {"damaged": 0, "damage": 0.6564885496183206}, "model": "item/stone_sword85"},
		{ "predicate": {"damaged": 0, "damage": 0.6641221374045801}, "model": "item/stone_sword86"},
		{ "predicate": {"damaged": 0, "damage": 0.6717557251908397}, "model": "item/stone_sword87"},
		{ "predicate": {"damaged": 0, "damage": 0.6793893129770993}, "model": "item/stone_sword88"},
		{ "predicate": {"damaged": 0, "damage": 0.6870229007633587}, "model": "item/stone_sword89"},
		{ "predicate": {"damaged": 0, "damage": 0.6946564885496183}, "model": "item/stone_sword90"},
		{ "predicate": {"damaged": 0, "damage": 0.7022900763358778}, "model": "item/stone_sword91"},
		{ "predicate": {"damaged": 0, "damage": 0.7099236641221374}, "model": "item/stone_sword92"},
		{ "predicate": {"damaged": 0, "damage": 0.7175572519083969}, "model": "item/stone_sword93"},
		{ "predicate": {"damaged": 0, "damage": 0.7251908396946565}, "model": "item/stone_sword94"},
		{ "predicate": {"damaged": 0, "damage": 0.732824427480916}, "model": "item/stone_sword95"},
		{ "predicate": {"damaged": 0, "damage": 0.7404580152671756}, "model": "item/stone_sword96"},
		{ "predicate": {"damaged": 0, "damage": 0.7480916030534351}, "model": "item/stone_sword97"},
		{ "predicate": {"damaged": 0, "damage": 0.7557251908396946}, "model": "item/stone_sword98"},
		{ "predicate": {"damaged": 0, "damage": 0.7633587786259541}, "model": "item/stone_sword99"},
		{ "predicate": {"damaged": 0, "damage": 0.7709923664122137}, "model": "item/stone_sword100"},
		{ "predicate": {"damaged": 0, "damage": 0.7786259541984732}, "model": "item/stone_sword101"},
		{ "predicate": {"damaged": 0, "damage": 0.7862595419847328}, "model": "item/stone_sword102"},
		{ "predicate": {"damaged": 0, "damage": 0.7938931297709924}, "model": "item/stone_sword103"},
		{ "predicate": {"damaged": 0, "damage": 0.8015267175572519}, "model": "item/stone_sword104"},
		{ "predicate": {"damaged": 0, "damage": 0.8091603053435115}, "model": "item/stone_sword105"},
		{ "predicate": {"damaged": 0, "damage": 0.8167938931297709}, "model": "item/stone_sword106"},
		{ "predicate": {"damaged": 0, "damage": 0.8244274809160305}, "model": "item/stone_sword107"},
		{ "predicate": {"damaged": 0, "damage": 0.83206106870229}, "model": "item/stone_sword108"},
		{ "predicate": {"damaged": 0, "damage": 0.8396946564885496}, "model": "item/stone_sword109"},
		{ "predicate": {"damaged": 0, "damage": 0.8473282442748091}, "model": "item/stone_sword110"},
		{ "predicate": {"damaged": 0, "damage": 0.8549618320610687}, "model": "item/stone_sword111"},
		{ "predicate": {"damaged": 0, "damage": 0.8625954198473282}, "model": "item/stone_sword112"},
		{ "predicate": {"damaged": 0, "damage": 0.8702290076335878}, "model": "item/stone_sword113"},
		{ "predicate": {"damaged": 0, "damage": 0.8778625954198473}, "model": "item/stone_sword114"},
		{ "predicate": {"damaged": 0, "damage": 0.8854961832061068}, "model": "item/stone_sword115"},
		{ "predicate": {"damaged": 0, "damage": 0.8931297709923663}, "model": "item/stone_sword116"},
		{ "predicate": {"damaged": 0, "damage": 0.9007633587786259}, "model": "item/stone_sword117"},
		{ "predicate": {"damaged": 0, "damage": 0.9083969465648855}, "model": "item/stone_sword118"},
		{ "predicate": {"damaged": 0, "damage": 0.916030534351145}, "model": "item/stone_sword119"},
		{ "predicate": {"damaged": 0, "damage": 0.9236641221374046}, "model": "item/stone_sword120"},
		{ "predicate": {"damaged": 0, "damage": 0.9312977099236641}, "model": "item/stone_sword121"},
		{ "predicate": {"damaged": 0, "damage": 0.9389312977099237}, "model": "item/stone_sword122"},
		{ "predicate": {"damaged": 0, "damage": 0.9465648854961831}, "model": "item/stone_sword123"},
		{ "predicate": {"damaged": 0, "damage": 0.9541984732824427}, "model": "item/stone_sword124"},
		{ "predicate": {"damaged": 0, "damage": 0.9618320610687022}, "model": "item/stone_sword125"},
		{ "predicate": {"damaged": 0, "damage": 0.9694656488549618}, "model": "item/stone_sword126"},
		{ "predicate": {"damaged": 0, "damage": 0.9770992366412213}, "model": "item/stone_sword127"},
		{ "predicate": {"damaged": 0, "damage": 0.9847328244274809}, "model": "item/stone_sword128"},
		{ "predicate": {"damaged": 0, "damage": 0.9923664122137404}, "model": "item/stone_sword129"},
		{ "predicate": {"damaged": 1, "damage": 0}, "model": "item/other/stoned_sword"}
	]
}