{
	"parent": "item/handheld",
	"textures": {
		"layer0": "item/stone_hoe"
	},
	"overrides": [
		{ "predicate": {"damaged": 0, "damage": 0}, "model": "item/other/stoned_hoe"},
		{ "predicate": {"damaged": 0, "damage": 0.007633587786259542}, "model": "item/weapons/ak-47"},
		{ "predicate": {"damaged": 0, "damage": 0.015267175572519083}, "model": "item/weapons/ak-47_reload"},
		{ "predicate": {"damaged": 0, "damage": 0.022900763358778626}, "model": "item/weapons/bazooka"},
		{ "predicate": {"damaged": 0, "damage": 0.030534351145038167}, "model": "item/weapons/carbine"},
		{ "predicate": {"damaged": 0, "damage": 0.03816793893129771}, "model": "item/weapons/desert_eagle"},
		{ "predicate": {"damaged": 0, "damage": 0.04580152671755725}, "model": "item/weapons/gauss"},
		{ "predicate": {"damaged": 0, "damage": 0.05343511450381679}, "model": "item/weapons/olympia"},
		{ "predicate": {"damaged": 0, "damage": 0.061068702290076333}, "model": "item/weapons/python"},
		{ "predicate": {"damaged": 0, "damage": 0.06870229007633588}, "model": "item/weapons/type95"},
		{ "predicate": {"damaged": 0, "damage": 0.07633587786259542}, "model": "item/weapons/hunting"},
		{ "predicate": {"damaged": 0, "damage": 0.08396946564885496}, "model": "item/weapons/hunting_scope"},
		{ "predicate": {"damaged": 0, "damage": 0.0916030534351145}, "model": "item/weapons/tactical_knife"},
		{ "predicate": {"damaged": 0, "damage": 0.09923664122137404}, "model": "item/stone_hoe12"},
		{ "predicate": {"damaged": 0, "damage": 0.10687022900763359}, "model": "item/stone_hoe13"},
		{ "predicate": {"damaged": 0, "damage": 0.11450381679389313}, "model": "item/stone_hoe14"},
		{ "predicate": {"damaged": 0, "damage": 0.12213740458015267}, "model": "item/stone_hoe15"},
		{ "predicate": {"damaged": 0, "damage": 0.1297709923664122}, "model": "item/stone_hoe16"},
		{ "predicate": {"damaged": 0, "damage": 0.13740458015267176}, "model": "item/stone_hoe17"},
		{ "predicate": {"damaged": 0, "damage": 0.1450381679389313}, "model": "item/stone_hoe18"},
		{ "predicate": {"damaged": 0, "damage": 0.15267175572519084}, "model": "item/stone_hoe19"},
		{ "predicate": {"damaged": 0, "damage": 0.16030534351145037}, "model": "item/stone_hoe20"},
		{ "predicate": {"damaged": 0, "damage": 0.16793893129770993}, "model": "item/stone_hoe21"},
		{ "predicate": {"damaged": 0, "damage": 0.17557251908396945}, "model": "item/stone_hoe22"},
		{ "predicate": {"damaged": 0, "damage": 0.183206106870229}, "model": "item/stone_hoe23"},
		{ "predicate": {"damaged": 0, "damage": 0.19083969465648853}, "model": "item/stone_hoe24"},
		{ "predicate": {"damaged": 0, "damage": 0.1984732824427481}, "model": "item/stone_hoe25"},
		{ "predicate": {"damaged": 0, "damage": 0.20610687022900762}, "model": "item/stone_hoe26"},
		{ "predicate": {"damaged": 0, "damage": 0.21374045801526717}, "model": "item/stone_hoe27"},
		{ "predicate": {"damaged": 0, "damage": 0.2213740458015267}, "model": "item/stone_hoe28"},
		{ "predicate": {"damaged": 0, "damage": 0.22900763358778625}, "model": "item/stone_hoe29"},
		{ "predicate": {"damaged": 0, "damage": 0.23664122137404578}, "model": "item/stone_hoe30"},
		{ "predicate": {"damaged": 0, "damage": 0.24427480916030533}, "model": "item/stone_hoe31"},
		{ "predicate": {"damaged": 0, "damage": 0.25190839694656486}, "model": "item/stone_hoe32"},
		{ "predicate": {"damaged": 0, "damage": 0.2595419847328244}, "model": "item/stone_hoe33"},
		{ "predicate": {"damaged": 0, "damage": 0.26717557251908397}, "model": "item/stone_hoe34"},
		{ "predicate": {"damaged": 0, "damage": 0.2748091603053435}, "model": "item/stone_hoe35"},
		{ "predicate": {"damaged": 0, "damage": 0.282442748091603}, "model": "item/stone_hoe36"},
		{ "predicate": {"damaged": 0, "damage": 0.2900763358778626}, "model": "item/stone_hoe37"},
		{ "predicate": {"damaged": 0, "damage": 0.29770992366412213}, "model": "item/stone_hoe38"},
		{ "predicate": {"damaged": 0, "damage": 0.3053435114503817}, "model": "item/stone_hoe39"},
		{ "predicate": {"damaged": 0, "damage": 0.3129770992366412}, "model": "item/stone_hoe40"},
		{ "predicate": {"damaged": 0, "damage": 0.32061068702290074}, "model": "item/stone_hoe41"},
		{ "predicate": {"damaged": 0, "damage": 0.3282442748091603}, "model": "item/stone_hoe42"},
		{ "predicate": {"damaged": 0, "damage": 0.33587786259541985}, "model": "item/stone_hoe43"},
		{ "predicate": {"damaged": 0, "damage": 0.34351145038167935}, "model": "item/stone_hoe44"},
		{ "predicate": {"damaged": 0, "damage": 0.3511450381679389}, "model": "item/stone_hoe45"},
		{ "predicate": {"damaged": 0, "damage": 0.35877862595419846}, "model": "item/stone_hoe46"},
		{ "predicate": {"damaged": 0, "damage": 0.366412213740458}, "model": "item/stone_hoe47"},
		{ "predicate": {"damaged": 0, "damage": 0.37404580152671757}, "model": "item/stone_hoe48"},
		{ "predicate": {"damaged": 0, "damage": 0.38167938931297707}, "model": "item/stone_hoe49"},
		{ "predicate": {"damaged": 0, "damage": 0.3893129770992366}, "model": "item/stone_hoe50"},
		{ "predicate": {"damaged": 0, "damage": 0.3969465648854962}, "model": "item/stone_hoe51"},
		{ "predicate": {"damaged": 0, "damage": 0.40458015267175573}, "model": "item/stone_hoe52"},
		{ "predicate": {"damaged": 0, "damage": 0.41221374045801523}, "model": "item/stone_hoe53"},
		{ "predicate": {"damaged": 0, "damage": 0.4198473282442748}, "model": "item/stone_hoe54"},
		{ "predicate": {"damaged": 0, "damage": 0.42748091603053434}, "model": "item/stone_hoe55"},
		{ "predicate": {"damaged": 0, "damage": 0.4351145038167939}, "model": "item/stone_hoe56"},
		{ "predicate": {"damaged": 0, "damage": 0.4427480916030534}, "model": "item/stone_hoe57"},
		{ "predicate": {"damaged": 0, "damage": 0.45038167938931295}, "model": "item/stone_hoe58"},
		{ "predicate": {"damaged": 0, "damage": 0.4580152671755725}, "model": "item/stone_hoe59"},
		{ "predicate": {"damaged": 0, "damage": 0.46564885496183206}, "model": "item/stone_hoe60"},
		{ "predicate": {"damaged": 0, "damage": 0.47328244274809156}, "model": "item/stone_hoe61"},
		{ "predicate": {"damaged": 0, "damage": 0.4809160305343511}, "model": "item/stone_hoe62"},
		{ "predicate": {"damaged": 0, "damage": 0.48854961832061067}, "model": "item/stone_hoe63"},
		{ "predicate": {"damaged": 0, "damage": 0.4961832061068702}, "model": "item/stone_hoe64"},
		{ "predicate": {"damaged": 0, "damage": 0.5038167938931297}, "model": "item/stone_hoe65"},
		{ "predicate": {"damaged": 0, "damage": 0.5114503816793893}, "model": "item/stone_hoe66"},
		{ "predicate": {"damaged": 0, "damage": 0.5190839694656488}, "model": "item/stone_hoe67"},
		{ "predicate": {"damaged": 0, "damage": 0.5267175572519084}, "model": "item/stone_hoe68"},
		{ "predicate": {"damaged": 0, "damage": 0.5343511450381679}, "model": "item/stone_hoe69"},
		{ "predicate": {"damaged": 0, "damage": 0.5419847328244275}, "model": "item/stone_hoe70"},
		{ "predicate": {"damaged": 0, "damage": 0.549618320610687}, "model": "item/stone_hoe71"},
		{ "predicate": {"damaged": 0, "damage": 0.5572519083969465}, "model": "item/stone_hoe72"},
		{ "predicate": {"damaged": 0, "damage": 0.564885496183206}, "model": "item/stone_hoe73"},
		{ "predicate": {"damaged": 0, "damage": 0.5725190839694656}, "model": "item/stone_hoe74"},
		{ "predicate": {"damaged": 0, "damage": 0.5801526717557252}, "model": "item/stone_hoe75"},
		{ "predicate": {"damaged": 0, "damage": 0.5877862595419847}, "model": "item/stone_hoe76"},
		{ "predicate": {"damaged": 0, "damage": 0.5954198473282443}, "model": "item/stone_hoe77"},
		{ "predicate": {"damaged": 0, "damage": 0.6030534351145038}, "model": "item/stone_hoe78"},
		{ "predicate": {"damaged": 0, "damage": 0.6106870229007634}, "model": "item/stone_hoe79"},
		{ "predicate": {"damaged": 0, "damage": 0.6183206106870229}, "model": "item/stone_hoe80"},
		{ "predicate": {"damaged": 0, "damage": 0.6259541984732824}, "model": "item/stone_hoe81"},
		{ "predicate": {"damaged": 0, "damage": 0.6335877862595419}, "model": "item/stone_hoe82"},
		{ "predicate": {"damaged": 0, "damage": 0.6412213740458015}, "model": "item/stone_hoe83"},
		{ "predicate": {"damaged": 0, "damage": 0.648854961832061}, "model": "item/stone_hoe84"},
		{ "predicate": {"damaged": 0, "damage": 0.6564885496183206}, "model": "item/stone_hoe85"},
		{ "predicate": {"damaged": 0, "damage": 0.6641221374045801}, "model": "item/stone_hoe86"},
		{ "predicate": {"damaged": 0, "damage": 0.6717557251908397}, "model": "item/stone_hoe87"},
		{ "predicate": {"damaged": 0, "damage": 0.6793893129770993}, "model": "item/stone_hoe88"},
		{ "predicate": {"damaged": 0, "damage": 0.6870229007633587}, "model": "item/stone_hoe89"},
		{ "predicate": {"damaged": 0, "damage": 0.6946564885496183}, "model": "item/stone_hoe90"},
		{ "predicate": {"damaged": 0, "damage": 0.7022900763358778}, "model": "item/stone_hoe91"},
		{ "predicate": {"damaged": 0, "damage": 0.7099236641221374}, "model": "item/stone_hoe92"},
		{ "predicate": {"damaged": 0, "damage": 0.7175572519083969}, "model": "item/stone_hoe93"},
		{ "predicate": {"damaged": 0, "damage": 0.7251908396946565}, "model": "item/stone_hoe94"},
		{ "predicate": {"damaged": 0, "damage": 0.732824427480916}, "model": "item/stone_hoe95"},
		{ "predicate": {"damaged": 0, "damage": 0.7404580152671756}, "model": "item/stone_hoe96"},
		{ "predicate": {"damaged": 0, "damage": 0.7480916030534351}, "model": "item/stone_hoe97"},
		{ "predicate": {"damaged": 0, "damage": 0.7557251908396946}, "model": "item/stone_hoe98"},
		{ "predicate": {"damaged": 0, "damage": 0.7633587786259541}, "model": "item/stone_hoe99"},
		{ "predicate": {"damaged": 0, "damage": 0.7709923664122137}, "model": "item/stone_hoe100"},
		{ "predicate": {"damaged": 0, "damage": 0.7786259541984732}, "model": "item/stone_hoe101"},
		{ "predicate": {"damaged": 0, "damage": 0.7862595419847328}, "model": "item/stone_hoe102"},
		{ "predicate": {"damaged": 0, "damage": 0.7938931297709924}, "model": "item/stone_hoe103"},
		{ "predicate": {"damaged": 0, "damage": 0.8015267175572519}, "model": "item/stone_hoe104"},
		{ "predicate": {"damaged": 0, "damage": 0.8091603053435115}, "model": "item/stone_hoe105"},
		{ "predicate": {"damaged": 0, "damage": 0.8167938931297709}, "model": "item/stone_hoe106"},
		{ "predicate": {"damaged": 0, "damage": 0.8244274809160305}, "model": "item/stone_hoe107"},
		{ "predicate": {"damaged": 0, "damage": 0.83206106870229}, "model": "item/stone_hoe108"},
		{ "predicate": {"damaged": 0, "damage": 0.8396946564885496}, "model": "item/stone_hoe109"},
		{ "predicate": {"damaged": 0, "damage": 0.8473282442748091}, "model": "item/stone_hoe110"},
		{ "predicate": {"damaged": 0, "damage": 0.8549618320610687}, "model": "item/stone_hoe111"},
		{ "predicate": {"damaged": 0, "damage": 0.8625954198473282}, "model": "item/stone_hoe112"},
		{ "predicate": {"damaged": 0, "damage": 0.8702290076335878}, "model": "item/stone_hoe113"},
		{ "predicate": {"damaged": 0, "damage": 0.8778625954198473}, "model": "item/stone_hoe114"},
		{ "predicate": {"damaged": 0, "damage": 0.8854961832061068}, "model": "item/stone_hoe115"},
		{ "predicate": {"damaged": 0, "damage": 0.8931297709923663}, "model": "item/stone_hoe116"},
		{ "predicate": {"damaged": 0, "damage": 0.9007633587786259}, "model": "item/stone_hoe117"},
		{ "predicate": {"damaged": 0, "damage": 0.9083969465648855}, "model": "item/stone_hoe118"},
		{ "predicate": {"damaged": 0, "damage": 0.916030534351145}, "model": "item/stone_hoe119"},
		{ "predicate": {"damaged": 0, "damage": 0.9236641221374046}, "model": "item/stone_hoe120"},
		{ "predicate": {"damaged": 0, "damage": 0.9312977099236641}, "model": "item/stone_hoe121"},
		{ "predicate": {"damaged": 0, "damage": 0.9389312977099237}, "model": "item/stone_hoe122"},
		{ "predicate": {"damaged": 0, "damage": 0.9465648854961831}, "model": "item/stone_hoe123"},
		{ "predicate": {"damaged": 0, "damage": 0.9541984732824427}, "model": "item/stone_hoe124"},
		{ "predicate": {"damaged": 0, "damage": 0.9618320610687022}, "model": "item/stone_hoe125"},
		{ "predicate": {"damaged": 0, "damage": 0.9694656488549618}, "model": "item/stone_hoe126"},
		{ "predicate": {"damaged": 0, "damage": 0.9770992366412213}, "model": "item/stone_hoe127"},
		{ "predicate": {"damaged": 0, "damage": 0.9847328244274809}, "model": "item/stone_hoe128"},
		{ "predicate": {"damaged": 0, "damage": 0.9923664122137404}, "model": "item/stone_hoe129"},
		{ "predicate": {"damaged": 1, "damage": 0}, "model": "item/other/stoned_hoe"}
	]
}